{
  "metadata": {
    "version": "V2",
    "total": 50,
    "timestamp": "2026-04-21 01:56:53"
  },
  "metrics": {
    "avg_score": 4.44,
    "hit_rate": 1.0,
    "agreement_rate": 0.9159999999999999,
    "total_cost": 0.0016507499999999999
  }
}